{"players_online": {"dalylas_server": [], "bros_server": [], "all_of_fabric": [], "all_the_mods_9-THS": [], "evolution": []}, "last_activity": {"dalylas_server": 1736122686.5798876, "bros_server": 1736115297.706898, "all_of_fabric": 1736132928.505322, "all_the_mods_9-THS": 1736129756.2082877, "evolution": 1736131455.4497907}}